shipping_address_id,country,street,city,state/province,postal_code,phone_number
84026,Libya,1069 Main St,Sydney,ENG,33769,Phone Number
31385,Canada,8872 Main St,Toronto,NY,98001,Phone Number
33283,Libya,2924 Main St,Tokyo,BE,97404,Phone Number
92401,Japan,1311 Main St,New York,BE,30156,Phone Number
12927,Chad,329 Main St,London,ON,95836,Phone Number
84306,Armenia,4384 Main St,Berlin,NY,60481,Phone Number
78046,Eritrea,3285 Main St,Berlin,ON,23435,Phone Number
83414,Montenegro,601 Main St,Sydney,BE,79650,Phone Number
33603,Jamaica,148 Main St,Sydney,BE,56336,Phone Number
43670,Fiji,3666 Main St,New York,NY,46135,Phone Number
94786,Togo,3155 Main St,Tokyo,ON,83631,Phone Number
84698,Montenegro,8980 Main St,Toronto,ON,47909,Phone Number
71218,Greece,486 Main St,Tokyo,NY,79487,Phone Number
32895,Sudan,1069 Main St,Tokyo,ON,31468,Phone Number
49701,Maldives,9297 Main St,Tokyo,TYO,57655,Phone Number
53049,Montenegro,5920 Main St,New York,BE,44341,Phone Number
70116,Estonia,3152 Main St,New York,NSW,74182,Phone Number
57729,Greenland,7497 Main St,Toronto,ENG,61786,Phone Number
63888,Cape Verde,2402 Main St,Tokyo,ON,78304,Phone Number
13711,Senegal,2383 Main St,New York,ON,56514,Phone Number
20799,Federated States of Micronesia,9899 Main St,Toronto,ENG,43979,Phone Number
24114,Bulgaria,4466 Main St,Berlin,ON,90981,Phone Number
38607,Algeria,222 Main St,Toronto,ENG,65107,Phone Number
37489,Mongolia,6899 Main St,Tokyo,NY,11160,Phone Number
38899,Grenada,9572 Main St,London,TYO,97897,Phone Number
80018,Grenada,3827 Main St,Tokyo,TYO,82577,Phone Number
92543,Senegal,8550 Main St,London,BE,94303,Phone Number
49433,Greenland,9239 Main St,Toronto,NSW,20846,Phone Number
11564,Chad,5058 Main St,Berlin,ON,29924,Phone Number
75398,Mauritius ,624 Main St,Berlin,NSW,23882,Phone Number
50995,Morocco,9179 Main St,New York,NY,90274,Phone Number
10485,Honduras,8499 Main St,Berlin,TYO,96555,Phone Number
74843,Benin,248 Main St,Sydney,NY,11095,Phone Number
24889,Greece,8101 Main St,Toronto,NY,50983,Phone Number
63011,Jamaica,537 Main St,New York,ON,24123,Phone Number
94986,Equatorial Guinea,3849 Main St,Berlin,NY,76615,Phone Number
60561,Swaziland,8286 Main St,Toronto,TYO,55278,Phone Number
75921,Trinidad and Tobago,4553 Main St,Tokyo,NSW,61999,Phone Number
64629,Sweden,5436 Main St,Berlin,TYO,41153,Phone Number
68540,Belarus,4651 Main St,London,ON,28344,Phone Number
92321,Guinea-Bissau,2923 Main St,Toronto,TYO,47656,Phone Number
23672,Mongolia,5828 Main St,New York,ENG,80515,Phone Number
86280,Turkey,8777 Main St,Tokyo,NSW,11212,Phone Number
73706,Central African Republic,8491 Main St,Sydney,ENG,19001,Phone Number
39805,Equatorial Guinea,2082 Main St,Tokyo,ENG,88784,Phone Number
73510,Laos,7096 Main St,Berlin,BE,91144,Phone Number
90717,Armenia,9763 Main St,London,ON,46427,Phone Number
55507,Greece,2411 Main St,Tokyo,NY,41368,Phone Number
59527,Israel,7325 Main St,Sydney,ENG,80819,Phone Number
82048,Bhutan,9813 Main St,New York,TYO,71160,Phone Number
15750,Vanuatu,704 Main St,Toronto,NY,35854,Phone Number
74626,Burundi,8275 Main St,London,TYO,20715,Phone Number
42458,Ukraine,5885 Main St,Sydney,TYO,91701,Phone Number
96672,Croatia,9709 Main St,Berlin,NY,68784,Phone Number
26607,Madagascar,4697 Main St,Berlin,NY,36797,Phone Number
15673,Malaysia,7859 Main St,Berlin,TYO,57573,Phone Number
96264,Uzbekistan,7632 Main St,London,ON,86120,Phone Number
75957,Italy,8840 Main St,Tokyo,NSW,24780,Phone Number
41638,Nepal,938 Main St,London,BE,47905,Phone Number
53781,Fiji,3915 Main St,Berlin,NSW,31573,Phone Number
95077,Portugal,947 Main St,Sydney,ON,43359,Phone Number
37867,Panama,4809 Main St,Toronto,BE,76062,Phone Number
27793,Belarus,4607 Main St,Toronto,NY,83391,Phone Number
65729,Botswana,6675 Main St,London,BE,53463,Phone Number
24844,Tanzania,4873 Main St,Berlin,TYO,26571,Phone Number
53084,Romania,4568 Main St,New York,NSW,29142,Phone Number
50269,Mali,5292 Main St,London,BE,35104,Phone Number
92936,Central African Republic,3420 Main St,Berlin,TYO,18625,Phone Number
55898,Niger,4798 Main St,Tokyo,ON,49199,Phone Number
13435,Austria,4411 Main St,Toronto,BE,25926,Phone Number
81354,India,3773 Main St,Toronto,TYO,41218,Phone Number
53319,Luxembourg,1664 Main St,Toronto,ON,54472,Phone Number
52540,Cape Verde,1940 Main St,New York,NY,30566,Phone Number
28841,Sweden,6158 Main St,Berlin,ON,66125,Phone Number
99503,Iceland,7231 Main St,Berlin,ON,43205,Phone Number
39079,Qatar,826 Main St,Berlin,NSW,39717,Phone Number
22495,South Sudan,9536 Main St,Berlin,TYO,59984,Phone Number
31913,United Kingdom,6797 Main St,New York,BE,35135,Phone Number
34691,Tunisia ,9357 Main St,Sydney,NSW,38164,Phone Number
23283,United States of America,382 Main St,London,ENG,84489,Phone Number
69154,Liberia,1181 Main St,London,ON,48562,Phone Number
42727,Eritrea,3985 Main St,Berlin,ENG,79110,Phone Number
88231,South Korea,2981 Main St,Tokyo,NSW,30169,Phone Number
48612,Kenya,3070 Main St,Toronto,TYO,69858,Phone Number
43903,Rwanda,9444 Main St,New York,NSW,31604,Phone Number
74011,Cuba,7085 Main St,Tokyo,TYO,99670,Phone Number
40364,Libya,1047 Main St,Tokyo,TYO,98738,Phone Number
56661,Czech Republic,4860 Main St,Berlin,NY,10684,Phone Number
85649,Montenegro,166 Main St,New York,ON,18007,Phone Number
20944,Montenegro,8928 Main St,London,NSW,51787,Phone Number
32726,Philippines,8605 Main St,Toronto,TYO,59582,Phone Number
26303,El Salvador,664 Main St,London,NSW,84791,Phone Number
32608,Tonga,9893 Main St,Tokyo,NSW,93629,Phone Number
57168,Democratic Republic of the Congo,9117 Main St,Toronto,TYO,15782,Phone Number
28039,Afghanistan,3770 Main St,Sydney,BE,76770,Phone Number
71243,Tuvalu,9317 Main St,Tokyo,ENG,67645,Phone Number
23678,Sudan,2351 Main St,London,ON,41996,Phone Number
34991,Niger,904 Main St,London,ON,39204,Phone Number
19197,Gabon,4731 Main St,Berlin,BE,27152,Phone Number
69184,East Timor,9683 Main St,London,NY,65186,Phone Number
74730,United States of America,1335 Main St,New York,BE,95024,Phone Number
59592,Jordan,6820 Main St,Tokyo,NY,29689,Phone Number
22263,Cyprus,7006 Main St,Toronto,NY,60690,Phone Number
54357,Malawi,6116 Main St,London,BE,93251,Phone Number
62756,Iceland,3649 Main St,Berlin,ON,67320,Phone Number
46717,Israel,8038 Main St,Berlin,ENG,74226,Phone Number
62683,United Arab Emirates,4241 Main St,London,ON,66091,Phone Number
99297,China,7066 Main St,New York,ON,89301,Phone Number
68197,Kenya,9646 Main St,Berlin,ON,31942,Phone Number
15163,Somalia,5435 Main St,Toronto,BE,48712,Phone Number
52845,Tonga,5177 Main St,Tokyo,BE,75277,Phone Number
72081,Bangladesh,5711 Main St,Sydney,BE,59632,Phone Number
99228,Egypt,8189 Main St,New York,ON,48031,Phone Number
90223,Eritrea,2992 Main St,Berlin,ENG,30478,Phone Number
90697,Swaziland,5677 Main St,Tokyo,NY,32551,Phone Number
64515,Vietnam,3718 Main St,Sydney,NSW,58068,Phone Number
22527,Marshall Islands,1659 Main St,London,NY,45561,Phone Number
85594,Taiwan,6783 Main St,London,NY,12892,Phone Number
60051,Ireland,1607 Main St,Toronto,NSW,34395,Phone Number
49052,Rwanda,2163 Main St,Sydney,ON,28756,Phone Number
28212,Sweden,3742 Main St,London,ENG,97710,Phone Number
32699,Gabon,2100 Main St,London,ENG,44651,Phone Number
47841,South Africa,1394 Main St,Berlin,NY,76333,Phone Number
30523,United Kingdom,4165 Main St,Toronto,NSW,83745,Phone Number
14785,Albania,8114 Main St,Tokyo,TYO,59306,Phone Number
79943,Malaysia,1703 Main St,London,ON,31346,Phone Number
60511,Ghana,1422 Main St,New York,NY,38024,Phone Number
62198,Cuba,6056 Main St,New York,ENG,50818,Phone Number
42012,Saint Lucia,2541 Main St,Tokyo,BE,15947,Phone Number
82853,Romania,1198 Main St,Sydney,BE,85153,Phone Number
27185,Portugal,5173 Main St,Toronto,NSW,96240,Phone Number
28150,Macedonia,9797 Main St,Berlin,NSW,77428,Phone Number
56339,China,9418 Main St,New York,NY,39754,Phone Number
34498,Germany,8588 Main St,New York,TYO,73355,Phone Number
72097,Ireland,3887 Main St,Tokyo,ENG,68241,Phone Number
23071,Poland,2196 Main St,Sydney,NY,78960,Phone Number
45762,Namibia,2308 Main St,Sydney,TYO,23418,Phone Number
84793,Uzbekistan,6088 Main St,Tokyo,NSW,98593,Phone Number
80076,Zimbabwe,275 Main St,New York,BE,65184,Phone Number
10759,Mongolia,7269 Main St,Toronto,ON,14833,Phone Number
60801,Norway,6114 Main St,New York,BE,85430,Phone Number
28158,Oman,1767 Main St,Sydney,ENG,51833,Phone Number
35320,Serbia,8967 Main St,Berlin,ENG,10565,Phone Number
23395,Democratic Republic of the Congo,1923 Main St,New York,BE,50180,Phone Number
69001,Bulgaria,5247 Main St,Toronto,BE,28402,Phone Number
92697,Brunei,1456 Main St,London,TYO,52845,Phone Number
98034,Serbia,3172 Main St,New York,NY,85851,Phone Number
63556,Ghana,3359 Main St,Tokyo,NSW,22834,Phone Number
27149,Malawi,6299 Main St,London,TYO,77850,Phone Number
97284,Zimbabwe,646 Main St,Tokyo,ON,47180,Phone Number
72052,Cyprus,5331 Main St,Tokyo,BE,13883,Phone Number
46579,Nicaragua,8065 Main St,Tokyo,ON,85587,Phone Number
78627,Estonia,2183 Main St,New York,ON,21695,Phone Number
50993,Estonia,2140 Main St,Sydney,TYO,33123,Phone Number
48404,Lithuania,4634 Main St,London,NSW,68481,Phone Number
35397,Republic of the Congo,1852 Main St,Toronto,ENG,83438,Phone Number
62910,Czech Republic,9907 Main St,Sydney,NY,27573,Phone Number
94902,Cameroon,1949 Main St,New York,ENG,66494,Phone Number
66110,Vietnam,2742 Main St,Tokyo,NSW,22288,Phone Number
23610,Moldova ,1700 Main St,Toronto,ENG,56978,Phone Number
76059,Bahrain,4502 Main St,London,BE,82420,Phone Number
74814,Hungary,3899 Main St,Sydney,BE,86095,Phone Number
57954,Marshall Islands,718 Main St,Berlin,TYO,64672,Phone Number
24726,Iraq,1232 Main St,Sydney,ON,71821,Phone Number
25314,Albania,5591 Main St,Toronto,NSW,93661,Phone Number
92097,Lesotho,5895 Main St,New York,NSW,79224,Phone Number
81349,Lebanon,7733 Main St,London,ENG,99405,Phone Number
42605,Hungary,1587 Main St,Toronto,TYO,64796,Phone Number
40111,Japan,7948 Main St,Tokyo,ENG,54706,Phone Number
80233,Georgia,5109 Main St,London,ENG,14023,Phone Number
49753,Estonia,9849 Main St,Sydney,NSW,92636,Phone Number
98691,Luxembourg,2213 Main St,Toronto,ENG,46735,Phone Number
75338,Swaziland,1144 Main St,Sydney,ON,82959,Phone Number
27394,Romania,2531 Main St,Sydney,ENG,49218,Phone Number
30959,Ethiopia,8079 Main St,Sydney,ON,22213,Phone Number
75599,Chad,1682 Main St,New York,NSW,38460,Phone Number
57532,Morocco,1408 Main St,Sydney,TYO,74680,Phone Number
24128,Mexico,5017 Main St,Tokyo,BE,41017,Phone Number
26093,Nigeria,8893 Main St,Tokyo,ON,40990,Phone Number
54236,Trinidad and Tobago,1720 Main St,London,TYO,29515,Phone Number
84165,Moldova ,7603 Main St,Berlin,TYO,39991,Phone Number
15452,Solomon Islands,4866 Main St,Sydney,ON,17634,Phone Number
33856,India,5462 Main St,Sydney,NSW,87034,Phone Number
64955,Burkina Faso,5292 Main St,Toronto,NY,86452,Phone Number
79042,Kiribati,6722 Main St,New York,TYO,39377,Phone Number
28486,Israel,6193 Main St,Berlin,TYO,43001,Phone Number
93217,Comoros,6804 Main St,London,NSW,11391,Phone Number
44468,Iran,200 Main St,Berlin,NSW,75206,Phone Number
72379,Vietnam,6757 Main St,Sydney,ENG,52215,Phone Number
97941,Belize,5975 Main St,Toronto,NSW,89720,Phone Number
23742,Belarus,4371 Main St,New York,TYO,37114,Phone Number
30068,United States of America,337 Main St,London,ON,21882,Phone Number
52783,Poland,7326 Main St,Berlin,NY,27273,Phone Number
27227,Canada,8132 Main St,London,ENG,55647,Phone Number
17535,Israel,5318 Main St,Sydney,ON,92665,Phone Number
32176,Lebanon,4125 Main St,London,NY,74892,Phone Number
12633,Andorra,6173 Main St,Toronto,NY,52679,Phone Number
67496,Slovakia,2642 Main St,London,NY,10427,Phone Number
23779,Liberia,1637 Main St,Tokyo,BE,76267,Phone Number
92648,Antigua and Barbuda ,854 Main St,Toronto,ON,10799,Phone Number
98148,China,7496 Main St,Berlin,ENG,65659,Phone Number
89024,Niger,7923 Main St,New York,ENG,17025,Phone Number
78426,United Kingdom,5607 Main St,New York,NY,24481,Phone Number
74343,Bangladesh,4335 Main St,Sydney,ON,35411,Phone Number
38261,Myanmar,640 Main St,Sydney,BE,24961,Phone Number
57078,Tonga,5610 Main St,Tokyo,NY,31767,Phone Number
12864,Guinea-Bissau,8561 Main St,Berlin,NSW,61690,Phone Number
45032,Nauru,8026 Main St,New York,ENG,62870,Phone Number
22628,Swaziland,5231 Main St,New York,TYO,46135,Phone Number
74073,Finland,8797 Main St,New York,NY,74514,Phone Number
19992,Papua New Guinea,1229 Main St,New York,NSW,96928,Phone Number
24685,Mauritius ,3245 Main St,London,ENG,88798,Phone Number
48724,Mozambique,8653 Main St,Berlin,BE,80765,Phone Number
20524,Bulgaria,3820 Main St,Toronto,ON,33772,Phone Number
38802,Spain,9748 Main St,Toronto,ENG,28799,Phone Number
25281,Vanuatu,4167 Main St,Tokyo,ON,33555,Phone Number
25064,Belgium,4295 Main St,London,ON,29333,Phone Number
59791,Belgium,9973 Main St,New York,BE,14261,Phone Number
11120,Guinea-Bissau,9344 Main St,New York,BE,79002,Phone Number
73650,Togo,7381 Main St,Sydney,NY,56553,Phone Number
81614,Cote d'Ivoire,2609 Main St,Sydney,NY,13088,Phone Number
78701,Republic of the Congo,5116 Main St,Tokyo,ENG,55783,Phone Number
60972,Libya,6633 Main St,New York,BE,11115,Phone Number
65516,East Timor,4827 Main St,Tokyo,NSW,80114,Phone Number
73778,Switzerland,781 Main St,London,ENG,78126,Phone Number
59842,Palau,4032 Main St,Toronto,TYO,82908,Phone Number
24802,Jordan,5660 Main St,New York,ON,79109,Phone Number
33748,Slovenia,4116 Main St,Berlin,ON,12978,Phone Number
58068,South Korea,7439 Main St,London,NY,19422,Phone Number
22789,Norway,819 Main St,New York,NSW,53626,Phone Number
94019,Afghanistan,174 Main St,Berlin,BE,99233,Phone Number
29345,Bangladesh,9585 Main St,Sydney,BE,66174,Phone Number
27722,Guinea,4257 Main St,Tokyo,NY,47743,Phone Number
54305,Cuba,8611 Main St,Sydney,TYO,80461,Phone Number
36772,Russia,2249 Main St,Toronto,ENG,67199,Phone Number
14390,Seychelles ,9744 Main St,Sydney,ENG,39430,Phone Number
87455,South Korea,9847 Main St,New York,NSW,38834,Phone Number
69750,Ghana,6813 Main St,Berlin,NY,34435,Phone Number
61656,Costa Rica,4307 Main St,Sydney,NY,97212,Phone Number
36858,Romania,7241 Main St,New York,TYO,65797,Phone Number
57235,Czech Republic,8752 Main St,Toronto,ENG,53554,Phone Number
74864,Liechtenstein,9178 Main St,Berlin,NY,64555,Phone Number
17931,Seychelles ,4036 Main St,Sydney,BE,95350,Phone Number
27859,Somalia,9407 Main St,Tokyo,NSW,24716,Phone Number
75200,Solomon Islands,1175 Main St,Tokyo,ENG,70261,Phone Number
81337,Uganda,3976 Main St,Berlin,TYO,37528,Phone Number
14493,Equatorial Guinea,4715 Main St,Tokyo,NSW,11995,Phone Number
94393,Costa Rica,7365 Main St,Sydney,ON,32414,Phone Number
21102,Moldova ,6479 Main St,Sydney,BE,23844,Phone Number
50135,Burkina Faso,9218 Main St,Berlin,TYO,46659,Phone Number
80294,Guatemala,4752 Main St,Sydney,NSW,25522,Phone Number
39312,Swaziland,6892 Main St,New York,NY,84034,Phone Number
98783,Maldives,9347 Main St,Toronto,ON,52322,Phone Number
65404,Thailand,7556 Main St,Tokyo,TYO,77638,Phone Number
56943,Sudan,4774 Main St,New York,NY,18524,Phone Number
79221,Costa Rica,641 Main St,Berlin,BE,40846,Phone Number
47220,Denmark,2261 Main St,Tokyo,ON,83643,Phone Number
76658,Angola,2351 Main St,New York,ENG,70096,Phone Number
94304,Papua New Guinea,9344 Main St,Sydney,NY,93804,Phone Number
52287,North Korea,4669 Main St,Berlin,NSW,57703,Phone Number
66577,El Salvador,2844 Main St,Berlin,TYO,34399,Phone Number
75768,Burkina Faso,6141 Main St,Tokyo,ON,85160,Phone Number
28501,Yemen,4775 Main St,Sydney,NY,98667,Phone Number
97219,Republic of the Congo,1660 Main St,Tokyo,ENG,58591,Phone Number
48459,Andorra,1264 Main St,London,TYO,30714,Phone Number
46309,Dominican Republic,5519 Main St,New York,TYO,45877,Phone Number
43381,Israel,2822 Main St,London,NY,94106,Phone Number
65525,Solomon Islands,570 Main St,New York,ENG,88018,Phone Number
55116,Liberia,9708 Main St,Toronto,BE,69136,Phone Number
29816,Mali,1568 Main St,Berlin,BE,43414,Phone Number
54570,Uzbekistan,8025 Main St,Tokyo,ON,96576,Phone Number
26738,Tunisia ,908 Main St,Toronto,NY,88943,Phone Number
75890,Vatican City,8463 Main St,Toronto,ON,55468,Phone Number
13207,Djibouti,6819 Main St,Berlin,BE,89702,Phone Number
11532,Ukraine,5173 Main St,Berlin,TYO,82108,Phone Number
64712,East Timor,8112 Main St,New York,ON,56835,Phone Number
30303,Uganda,1745 Main St,London,ENG,73333,Phone Number
24154,Guinea,8349 Main St,Sydney,NSW,52464,Phone Number
40340,Equatorial Guinea,1229 Main St,New York,BE,32923,Phone Number
96691,Malta,1453 Main St,Sydney,BE,71855,Phone Number
67431,Cyprus,867 Main St,Toronto,ENG,77445,Phone Number
27536,Czech Republic,3995 Main St,Sydney,ON,77619,Phone Number
40224,Libya,8974 Main St,London,NY,56146,Phone Number
66776,Vietnam,3554 Main St,New York,TYO,70032,Phone Number
76471,Jordan,7429 Main St,Berlin,NSW,27140,Phone Number
42827,Mali,1890 Main St,London,NY,12670,Phone Number
54009,Czech Republic,9769 Main St,London,NY,46519,Phone Number
13256,Slovakia,985 Main St,New York,ENG,54512,Phone Number
78915,Zimbabwe,7834 Main St,Berlin,ON,67811,Phone Number
55848,Honduras,4006 Main St,London,BE,24691,Phone Number
92746,Switzerland,4592 Main St,Berlin,BE,44262,Phone Number
66507,South Africa,9830 Main St,Tokyo,ENG,64892,Phone Number
56991,Uganda,2173 Main St,Tokyo,ON,35595,Phone Number
50171,Iran,412 Main St,Tokyo,ENG,67207,Phone Number
46711,Algeria,6369 Main St,Sydney,BE,43440,Phone Number
84449,Central African Republic,5417 Main St,London,NY,18630,Phone Number
46403,The Bahamas,910 Main St,New York,TYO,41250,Phone Number
48024,South Africa,6941 Main St,New York,ON,87518,Phone Number
61669,Benin,2132 Main St,Sydney,NSW,84191,Phone Number
72150,Hungary,9799 Main St,New York,NSW,74791,Phone Number
63594,Austria,7229 Main St,Tokyo,NY,94118,Phone Number
96138,Tajikistan,2805 Main St,London,ENG,73753,Phone Number
93831,Portugal,8888 Main St,New York,ENG,70520,Phone Number
75466,Belgium,2247 Main St,New York,BE,14008,Phone Number
54880,Slovenia,715 Main St,Toronto,NY,54464,Phone Number
98585,Czech Republic,1047 Main St,Toronto,BE,10496,Phone Number
50514,Marshall Islands,5777 Main St,Toronto,BE,33212,Phone Number
91177,Sudan,4751 Main St,London,NSW,30637,Phone Number
44979,Dominican Republic,7966 Main St,Tokyo,BE,55227,Phone Number
13908,Tanzania,2113 Main St,Berlin,BE,92413,Phone Number
59537,Switzerland,3797 Main St,Tokyo,NSW,93346,Phone Number
57202,Greenland,590 Main St,Tokyo,ENG,19884,Phone Number
16552,Tonga,4450 Main St,London,ON,78259,Phone Number
35481,Saudi Arabia,2528 Main St,London,TYO,59810,Phone Number
73549,Belize,5087 Main St,Toronto,BE,14761,Phone Number
68342,Angola,8833 Main St,New York,ON,83166,Phone Number
41675,Malaysia,9579 Main St,Sydney,NSW,26375,Phone Number
90805,Ethiopia,9925 Main St,Sydney,ON,35218,Phone Number
64215,Greenland,5020 Main St,Berlin,TYO,40565,Phone Number
47981,Benin,3026 Main St,New York,ON,42975,Phone Number
29872,Yemen,9644 Main St,Berlin,ON,37073,Phone Number
35305,Rwanda,7382 Main St,Toronto,ON,79726,Phone Number
50504,Mauritania,4476 Main St,Berlin,ON,11883,Phone Number
25373,New Zealand,9590 Main St,New York,NY,78422,Phone Number
22838,Samoa ,4968 Main St,New York,BE,59629,Phone Number
38684,Fiji,7086 Main St,Sydney,NSW,74170,Phone Number
94787,Malawi,6962 Main St,Toronto,TYO,84489,Phone Number
45520,Marshall Islands,4523 Main St,London,NSW,18381,Phone Number
58173,Grenada,6970 Main St,Berlin,NY,33238,Phone Number
53951,Luxembourg,8259 Main St,Sydney,NY,23795,Phone Number
90767,Zimbabwe,2173 Main St,Berlin,NY,72999,Phone Number
53886,China,6270 Main St,Berlin,BE,59907,Phone Number
90546,United States of America,801 Main St,London,NY,19638,Phone Number
75302,Central African Republic,8213 Main St,Toronto,ON,80467,Phone Number
86543,Antigua and Barbuda ,6925 Main St,New York,NSW,52623,Phone Number
85016,Guatemala,7967 Main St,Tokyo,ENG,48492,Phone Number
74021,Qatar,4364 Main St,Berlin,TYO,36411,Phone Number
16397,Israel,8068 Main St,Tokyo,NY,30534,Phone Number
64126,Thailand,8246 Main St,Toronto,NSW,39181,Phone Number
88269,Singapore,7876 Main St,Tokyo,NY,29996,Phone Number
40797,North Korea,8658 Main St,Berlin,BE,82089,Phone Number
77968,Austria,8819 Main St,London,NY,93609,Phone Number
84093,Japan,4986 Main St,Tokyo,NY,82666,Phone Number
10391,Zimbabwe,4035 Main St,Toronto,NY,39405,Phone Number
45849,Lithuania,4719 Main St,Toronto,NY,81325,Phone Number
43056,Luxembourg,5291 Main St,London,TYO,38930,Phone Number
31500,Central African Republic,6975 Main St,Tokyo,NSW,27529,Phone Number
54673,Norway,7956 Main St,Tokyo,BE,63546,Phone Number
63954,Democratic Republic of the Congo,5501 Main St,New York,NY,17942,Phone Number
77510,New Zealand,3122 Main St,Sydney,NY,17548,Phone Number
32926,Ukraine,5838 Main St,Toronto,NY,28296,Phone Number
28422,Taiwan,6084 Main St,New York,NY,61016,Phone Number
44835,Italy,1870 Main St,Toronto,ON,10296,Phone Number
30632,Finland,9089 Main St,New York,ON,77945,Phone Number
38539,Sudan,3315 Main St,Sydney,ENG,69980,Phone Number
11378,Croatia,6794 Main St,New York,NY,66782,Phone Number
48456,Mauritania,3076 Main St,Toronto,ENG,44229,Phone Number
57178,New Zealand,3837 Main St,Tokyo,TYO,63444,Phone Number
52235,Pakistan,852 Main St,Toronto,ENG,45036,Phone Number
54489,Poland,1492 Main St,Berlin,NSW,49322,Phone Number
56743,Lithuania,6889 Main St,London,ON,37167,Phone Number
92008,Pakistan,777 Main St,London,ON,61667,Phone Number
60699,East Timor,205 Main St,Berlin,NY,93337,Phone Number
73339,Marshall Islands,4853 Main St,London,NY,61468,Phone Number
98497,Cuba,2046 Main St,London,TYO,82894,Phone Number
56100,Greenland,5644 Main St,Sydney,BE,63084,Phone Number
55835,Luxembourg,1195 Main St,Tokyo,TYO,73138,Phone Number
92309,Israel,7085 Main St,Tokyo,NSW,32588,Phone Number
28113,Djibouti,1882 Main St,Toronto,NY,72901,Phone Number
13479,Bulgaria,4641 Main St,Berlin,NY,27671,Phone Number
67510,Mongolia,3357 Main St,New York,TYO,93038,Phone Number
75440,Dominican Republic,6313 Main St,Toronto,TYO,41645,Phone Number
19266,Yemen,4969 Main St,Toronto,TYO,17637,Phone Number
85922,Federated States of Micronesia,1661 Main St,Toronto,ON,10660,Phone Number
69211,Finland,4106 Main St,Toronto,ENG,16922,Phone Number
79191,The Bahamas,9967 Main St,Tokyo,ENG,54721,Phone Number
82650,Grenada,9414 Main St,New York,NY,67256,Phone Number
49181,Sao Tome and Principe,4081 Main St,Toronto,ON,79506,Phone Number
20682,El Salvador,9593 Main St,Tokyo,TYO,78943,Phone Number
25079,Sweden,5782 Main St,Toronto,NY,37843,Phone Number
44195,Turkmenistan,5882 Main St,London,ON,19046,Phone Number
32091,Monaco,1043 Main St,Toronto,NSW,99336,Phone Number
66752,Turkey,4650 Main St,Berlin,BE,73985,Phone Number
48141,Mozambique,9237 Main St,Berlin,ON,90083,Phone Number
88789,Yemen,700 Main St,Toronto,NY,40346,Phone Number
14088,Philippines,6476 Main St,Sydney,ENG,98284,Phone Number
12090,Democratic Republic of the Congo,9709 Main St,London,TYO,63526,Phone Number
10275,Fiji,1624 Main St,New York,BE,83143,Phone Number
63089,Macedonia,3866 Main St,Toronto,NSW,46787,Phone Number
71394,Tunisia ,350 Main St,New York,BE,43583,Phone Number
16554,Liechtenstein,9836 Main St,London,BE,22563,Phone Number
99415,Qatar,178 Main St,Toronto,ON,56060,Phone Number
10851,Tonga,3223 Main St,Sydney,NY,43690,Phone Number
65171,Belgium,9189 Main St,Tokyo,NY,24925,Phone Number
20699,Chad,7164 Main St,Sydney,BE,96787,Phone Number
81501,Thailand,8517 Main St,Sydney,TYO,93184,Phone Number
96784,Iceland,1309 Main St,Tokyo,NY,30108,Phone Number
47631,Saint Lucia,5253 Main St,Tokyo,BE,86515,Phone Number
68047,Japan,4998 Main St,Berlin,NY,78258,Phone Number
80822,India,2278 Main St,Tokyo,TYO,15355,Phone Number
16232,Vanuatu,7710 Main St,Toronto,NSW,56069,Phone Number
18387,Chad,8995 Main St,New York,BE,64471,Phone Number
68048,Malawi,2644 Main St,Berlin,ENG,42705,Phone Number
93748,Finland,5622 Main St,Berlin,ENG,53909,Phone Number
75429,Turkey,2470 Main St,New York,BE,98606,Phone Number
25556,South Africa,3381 Main St,Berlin,ON,63739,Phone Number
94983,Lithuania,4810 Main St,Tokyo,NSW,86820,Phone Number
83811,Russia,428 Main St,Sydney,ON,97273,Phone Number
33116,The Bahamas,5679 Main St,London,ENG,33241,Phone Number
18470,The Bahamas,4328 Main St,Tokyo,TYO,37414,Phone Number
36215,Turkey,6894 Main St,Sydney,BE,60818,Phone Number
97774,Mauritius ,220 Main St,Sydney,NY,30895,Phone Number
59346,Bulgaria,6849 Main St,Berlin,ENG,72409,Phone Number
52881,Iran,1064 Main St,Toronto,NSW,65324,Phone Number
19611,Ghana,4324 Main St,Toronto,ENG,76920,Phone Number
95479,Malawi,3775 Main St,Berlin,NSW,63555,Phone Number
37557,Zimbabwe,5794 Main St,Berlin,NSW,75453,Phone Number
77668,Tajikistan,2176 Main St,New York,BE,32689,Phone Number
53413,Czech Republic,6965 Main St,New York,NSW,74356,Phone Number
61980,Mauritius ,5743 Main St,London,ON,18252,Phone Number
46012,Lesotho,8624 Main St,London,TYO,40844,Phone Number
40511,Mali,5349 Main St,London,ENG,33365,Phone Number
19867,Georgia,1416 Main St,London,TYO,16026,Phone Number
72482,Albania,1296 Main St,Sydney,NY,38523,Phone Number
33213,Cyprus,3270 Main St,Sydney,ENG,20482,Phone Number
90551,Saint Kitts and Nevis ,9721 Main St,New York,TYO,58888,Phone Number
56224,Tunisia ,455 Main St,Toronto,TYO,60110,Phone Number
65913,Cuba,9818 Main St,Berlin,BE,10493,Phone Number
82346,Kiribati,128 Main St,Toronto,BE,66194,Phone Number
66455,Cambodia,1113 Main St,Tokyo,NY,92001,Phone Number
92942,Moldova ,9119 Main St,Sydney,NSW,49767,Phone Number
61426,Uzbekistan,2124 Main St,London,ENG,39550,Phone Number
56816,India,8590 Main St,London,BE,23833,Phone Number
32591,Germany,5939 Main St,Tokyo,ENG,12970,Phone Number
53881,Austria,5891 Main St,Toronto,NY,92681,Phone Number
27519,Germany,854 Main St,London,BE,59177,Phone Number
83149,Bhutan,9061 Main St,Toronto,BE,77342,Phone Number
11125,Kyrgyzstan,3835 Main St,Berlin,NSW,81200,Phone Number
85847,Somalia,1338 Main St,Tokyo,ENG,71501,Phone Number
20664,Saint Lucia,2006 Main St,Toronto,ENG,38900,Phone Number
30280,Armenia,7499 Main St,Berlin,ENG,24126,Phone Number
22517,Canada,8061 Main St,Toronto,NSW,80690,Phone Number
36988,Burundi,9856 Main St,Toronto,BE,97744,Phone Number
55244,Liechtenstein,9510 Main St,London,NY,89303,Phone Number
28419,Tunisia ,4701 Main St,New York,ENG,95579,Phone Number
47840,Iraq,9649 Main St,Sydney,TYO,57994,Phone Number
29139,Indonesia,1560 Main St,Toronto,NSW,77061,Phone Number
81816,Kazakhstan,7769 Main St,Toronto,ON,26978,Phone Number
89779,Denmark,1516 Main St,Toronto,NY,66344,Phone Number
78522,Luxembourg,7866 Main St,New York,TYO,56648,Phone Number
18050,Cape Verde,1528 Main St,Berlin,ENG,11055,Phone Number
59377,Palau,4478 Main St,Tokyo,ON,85582,Phone Number
81921,Australia,7629 Main St,London,NY,91214,Phone Number
58107,Nicaragua,4574 Main St,New York,NSW,54876,Phone Number
54543,Laos,3171 Main St,Berlin,ON,48725,Phone Number
87602,Cuba,655 Main St,Toronto,BE,15255,Phone Number
56957,Syria,8647 Main St,Berlin,ON,84947,Phone Number
83401,The Bahamas,1663 Main St,New York,TYO,63380,Phone Number
75236,Belarus,1140 Main St,New York,NY,63333,Phone Number
75782,United Arab Emirates,2786 Main St,New York,TYO,52459,Phone Number
49481,Angola,2653 Main St,Tokyo,TYO,46163,Phone Number
20312,Cuba,1879 Main St,Sydney,ENG,43971,Phone Number
12849,Ukraine,175 Main St,London,NSW,75149,Phone Number
59955,Mozambique,4426 Main St,Tokyo,ON,94730,Phone Number
94084,Armenia,5935 Main St,Tokyo,NY,29476,Phone Number
81656,Greenland,5157 Main St,Sydney,BE,78580,Phone Number
89082,Saint Kitts and Nevis ,2449 Main St,Tokyo,NSW,96593,Phone Number
81307,Vatican City,2873 Main St,New York,NSW,79050,Phone Number
86415,Ukraine,2362 Main St,New York,NY,85526,Phone Number
40251,Niger,3329 Main St,Berlin,NSW,17507,Phone Number
39202,Myanmar,492 Main St,Toronto,ENG,80393,Phone Number
59910,Guinea,1208 Main St,Tokyo,NSW,22118,Phone Number
16500,Guinea-Bissau,4462 Main St,Toronto,ENG,60529,Phone Number
62268,South Sudan,5288 Main St,London,ON,78682,Phone Number
23622,Turkey,8902 Main St,New York,ON,64176,Phone Number
80241,Palau,5157 Main St,Berlin,TYO,14414,Phone Number
33021,Poland,4098 Main St,London,ENG,93030,Phone Number
28515,Malaysia,8964 Main St,Berlin,BE,95973,Phone Number
87745,Switzerland,6666 Main St,Sydney,ON,72137,Phone Number
21885,Papua New Guinea,3777 Main St,New York,NSW,13937,Phone Number
94726,Namibia,5896 Main St,London,NY,46731,Phone Number
53187,Ireland,6463 Main St,Sydney,NY,96862,Phone Number
59334,Mozambique,8223 Main St,London,ENG,48665,Phone Number
27038,Democratic Republic of the Congo,8322 Main St,Berlin,BE,84510,Phone Number
90861,United States of America,7790 Main St,Sydney,TYO,27500,Phone Number
99927,Azerbaijan,1500 Main St,Sydney,NSW,11750,Phone Number
73886,Belgium,4171 Main St,New York,ENG,75018,Phone Number
46787,Taiwan,8908 Main St,Toronto,NY,14027,Phone Number
32433,Panama,2886 Main St,Berlin,ENG,15745,Phone Number
36508,Andorra,7269 Main St,Berlin,NSW,71731,Phone Number
20405,Georgia,970 Main St,Sydney,BE,96984,Phone Number
28840,Barbados,4296 Main St,Sydney,BE,38451,Phone Number
79569,Sweden,9704 Main St,New York,ON,81474,Phone Number
75604,Algeria,2839 Main St,Toronto,NSW,71536,Phone Number
85936,Italy,1040 Main St,Berlin,ON,22150,Phone Number
75571,Russia,440 Main St,Tokyo,ON,23406,Phone Number
60553,Antigua and Barbuda ,7522 Main St,Tokyo,ON,29781,Phone Number
75437,Jordan,4233 Main St,Toronto,ENG,67417,Phone Number
98875,Mali,759 Main St,London,NY,28325,Phone Number
14886,Somalia,9852 Main St,New York,BE,78684,Phone Number
11320,Kuwait,3557 Main St,Toronto,ENG,83469,Phone Number
19418,Liberia,9948 Main St,Tokyo,NY,19436,Phone Number
90737,China,3075 Main St,Sydney,BE,27669,Phone Number
96312,Andorra,9341 Main St,Tokyo,NSW,82010,Phone Number
45351,Niger,553 Main St,Sydney,BE,86764,Phone Number
54870,Hungary,9996 Main St,New York,BE,11843,Phone Number
23216,Monaco,8284 Main St,Sydney,BE,75609,Phone Number
85861,Tuvalu,5542 Main St,Toronto,TYO,60812,Phone Number
82325,South Sudan,918 Main St,Sydney,NSW,26059,Phone Number
71299,Cyprus,4968 Main St,London,ENG,96269,Phone Number
93297,Poland,112 Main St,Toronto,ENG,50768,Phone Number
94772,Liberia,7827 Main St,New York,NY,35395,Phone Number
93186,Cote d'Ivoire,1020 Main St,Toronto,ENG,30202,Phone Number
23627,Kyrgyzstan,5020 Main St,London,ON,23273,Phone Number
42729,Slovakia,2518 Main St,New York,BE,58889,Phone Number
36156,Malaysia,9606 Main St,Tokyo,ENG,83048,Phone Number
82676,Liberia,6575 Main St,London,NY,98810,Phone Number
72533,Vanuatu,2117 Main St,New York,NY,55510,Phone Number
38250,Kiribati,8057 Main St,Sydney,ON,97945,Phone Number
12629,Turkey,9520 Main St,Toronto,NY,80649,Phone Number
96308,San Marino,4892 Main St,New York,TYO,12881,Phone Number
45662,Vatican City,6930 Main St,Toronto,BE,55913,Phone Number
61493,Morocco,2534 Main St,Sydney,BE,94785,Phone Number
85299,Equatorial Guinea,2968 Main St,New York,BE,75037,Phone Number
77211,Jordan,1538 Main St,Tokyo,NSW,72457,Phone Number
76318,Kyrgyzstan,3643 Main St,London,ENG,45343,Phone Number
23174,Republic of the Congo,1881 Main St,New York,TYO,72389,Phone Number
20917,East Timor,6443 Main St,Sydney,ENG,88250,Phone Number
64717,Estonia,2363 Main St,New York,TYO,18656,Phone Number
73167,Bangladesh,311 Main St,Toronto,ENG,15741,Phone Number
52446,Senegal,8799 Main St,Berlin,ON,26661,Phone Number
18237,Pakistan,6259 Main St,New York,NY,38690,Phone Number
24355,Czech Republic,7127 Main St,Tokyo,NY,42833,Phone Number
86805,Ghana,431 Main St,New York,ON,81240,Phone Number
12081,Japan,6960 Main St,London,TYO,87711,Phone Number
66450,Kazakhstan,8144 Main St,New York,NSW,67141,Phone Number
42104,The Bahamas,8269 Main St,Berlin,TYO,88232,Phone Number
46853,Ethiopia,8842 Main St,Toronto,NY,49023,Phone Number
78166,Burkina Faso,5820 Main St,New York,NSW,50209,Phone Number
78104,Madagascar,9233 Main St,Tokyo,ENG,96612,Phone Number
40957,Netherlands,827 Main St,Sydney,NSW,90522,Phone Number
71471,Greece,5075 Main St,New York,TYO,24440,Phone Number
17499,Egypt,3343 Main St,New York,ON,17960,Phone Number
49046,South Sudan,748 Main St,London,ENG,32462,Phone Number
88092,Kosovo,5195 Main St,Tokyo,TYO,27821,Phone Number
98480,Brunei,6714 Main St,Berlin,ENG,67772,Phone Number
50257,Australia,7235 Main St,Sydney,NSW,37258,Phone Number
45604,Cape Verde,1109 Main St,Toronto,NY,98952,Phone Number
43755,Malawi,1650 Main St,New York,TYO,72524,Phone Number
95307,Philippines,9095 Main St,Berlin,ON,32115,Phone Number
27725,Estonia,7592 Main St,Sydney,NSW,56433,Phone Number
29721,Trinidad and Tobago,3501 Main St,Toronto,TYO,98267,Phone Number
32827,Mongolia,7547 Main St,Berlin,ON,98321,Phone Number
30498,Japan,5524 Main St,Tokyo,TYO,89364,Phone Number
49457,Niger,4341 Main St,Tokyo,NSW,80077,Phone Number
11510,Egypt,3261 Main St,Sydney,TYO,50644,Phone Number
26231,Saint Lucia,4255 Main St,Toronto,ENG,72643,Phone Number
37133,Qatar,7578 Main St,Tokyo,NSW,23311,Phone Number
10494,Mali,8819 Main St,Sydney,TYO,40531,Phone Number
16379,Saint Lucia,9315 Main St,Tokyo,NY,24588,Phone Number
63635,Swaziland,6717 Main St,Tokyo,TYO,59416,Phone Number
18489,Mongolia,5760 Main St,Berlin,ENG,22380,Phone Number
63022,Botswana,8724 Main St,Berlin,ON,52645,Phone Number
52007,San Marino,1276 Main St,Tokyo,ON,27818,Phone Number
64959,Oman,8056 Main St,London,ON,40857,Phone Number
83778,Bangladesh,8692 Main St,Berlin,NY,31711,Phone Number
52769,Namibia,2333 Main St,Toronto,ENG,15097,Phone Number
40210,Mongolia,4800 Main St,Sydney,NSW,38393,Phone Number
38517,North Korea,6006 Main St,Sydney,ON,32076,Phone Number
88340,Latvia,7960 Main St,Toronto,ENG,94274,Phone Number
19450,Burundi,7626 Main St,Toronto,TYO,67609,Phone Number
46970,Seychelles ,5659 Main St,Toronto,NY,39317,Phone Number
77723,Kenya,6832 Main St,Toronto,ENG,68480,Phone Number
93058,Benin,2613 Main St,New York,ENG,17044,Phone Number
73276,Saint Lucia,7930 Main St,Sydney,NSW,81033,Phone Number
34885,Qatar,7044 Main St,New York,ENG,65486,Phone Number
34812,Mozambique,8010 Main St,Tokyo,NSW,65162,Phone Number
21722,Pakistan,5749 Main St,Tokyo,NY,89287,Phone Number
85007,Taiwan,1196 Main St,Sydney,NY,39882,Phone Number
60362,Cuba,9220 Main St,Tokyo,TYO,64078,Phone Number
91221,Cuba,2051 Main St,Toronto,NSW,68734,Phone Number
55542,Russia,9846 Main St,New York,NSW,53826,Phone Number
54548,Switzerland,9286 Main St,Toronto,ON,97985,Phone Number
87818,Czech Republic,7899 Main St,Tokyo,ON,54028,Phone Number
75996,Poland,8904 Main St,Berlin,TYO,61331,Phone Number
61966,Mauritius ,695 Main St,New York,NY,42543,Phone Number
87625,Pakistan,7975 Main St,Toronto,BE,39362,Phone Number
31791,South Africa,9133 Main St,Sydney,ON,37315,Phone Number
98269,Seychelles ,4539 Main St,Toronto,ENG,37746,Phone Number
66319,Benin,6072 Main St,Berlin,NY,20057,Phone Number
93878,Benin,958 Main St,Tokyo,BE,52915,Phone Number
79978,Nicaragua,5619 Main St,New York,ENG,31061,Phone Number
13125,Lebanon,7485 Main St,Sydney,NSW,61370,Phone Number
60857,Moldova ,8736 Main St,New York,NY,44157,Phone Number
26798,Tunisia ,4417 Main St,Sydney,TYO,21322,Phone Number
41621,Vanuatu,3554 Main St,New York,NSW,79812,Phone Number
80107,South Sudan,1130 Main St,Tokyo,NSW,87842,Phone Number
32579,Sweden,9587 Main St,Sydney,ENG,44017,Phone Number
19501,Ireland,8006 Main St,London,NSW,66792,Phone Number
45808,Italy,1547 Main St,New York,ON,37742,Phone Number
17682,Bosnia and Herzegovina,2950 Main St,New York,NY,74808,Phone Number
18501,Bosnia and Herzegovina,8206 Main St,Toronto,ON,27629,Phone Number
92584,Poland,7251 Main St,Sydney,ENG,18245,Phone Number
56294,Kuwait,9603 Main St,Berlin,BE,53870,Phone Number
11897,Sudan,7052 Main St,London,ENG,74829,Phone Number
29900,Swaziland,4155 Main St,Tokyo,NY,20588,Phone Number
62755,Rwanda,5502 Main St,Toronto,NSW,10442,Phone Number
70924,Cambodia,9381 Main St,London,TYO,87339,Phone Number
96103,Central African Republic,1772 Main St,Sydney,ENG,50721,Phone Number
11009,Maldives,4632 Main St,London,NY,47145,Phone Number
60094,Djibouti,5024 Main St,New York,TYO,20599,Phone Number
64449,Tajikistan,6185 Main St,New York,NSW,82594,Phone Number
72402,Sri Lanka,7834 Main St,Toronto,BE,92742,Phone Number
84470,Montenegro,4964 Main St,Sydney,ENG,87430,Phone Number
60367,United Arab Emirates,9416 Main St,Sydney,BE,12939,Phone Number
46737,Dominican Republic,1321 Main St,London,NY,32149,Phone Number
21089,Seychelles ,2960 Main St,Toronto,BE,76567,Phone Number
38249,Iceland,8528 Main St,Sydney,BE,20208,Phone Number
62706,Nigeria,9436 Main St,Berlin,NY,76098,Phone Number
37061,Rwanda,3353 Main St,Berlin,NY,59492,Phone Number
97242,Hungary,3882 Main St,New York,ENG,30951,Phone Number
86294,Belarus,7057 Main St,London,BE,58920,Phone Number
96211,South Sudan,866 Main St,Tokyo,TYO,56766,Phone Number
44028,Andorra,2781 Main St,New York,NY,67014,Phone Number
83291,Japan,7810 Main St,Toronto,NSW,38351,Phone Number
92305,El Salvador,7582 Main St,Sydney,BE,94216,Phone Number
67699,Kenya,5186 Main St,New York,NY,59386,Phone Number
19222,Bosnia and Herzegovina,8064 Main St,Tokyo,TYO,97122,Phone Number
56800,Andorra,2765 Main St,Tokyo,ENG,19308,Phone Number
49217,Cape Verde,3613 Main St,Berlin,BE,69252,Phone Number
38608,Nauru,595 Main St,Toronto,NY,85145,Phone Number
48062,Czech Republic,5922 Main St,New York,NY,93211,Phone Number
54832,Serbia,2172 Main St,London,NSW,38064,Phone Number
82302,Tuvalu,7895 Main St,New York,NSW,63879,Phone Number
62352,Madagascar,8629 Main St,Berlin,BE,18720,Phone Number
53529,Ethiopia,4049 Main St,Tokyo,NY,52940,Phone Number
47822,Malaysia,6133 Main St,Toronto,BE,89993,Phone Number
99027,Tanzania,8428 Main St,Toronto,NY,78475,Phone Number
89271,Cote d'Ivoire,2655 Main St,London,NSW,57113,Phone Number
68530,Solomon Islands,6470 Main St,Toronto,TYO,58926,Phone Number
83482,Netherlands,4515 Main St,Berlin,ON,48203,Phone Number
82850,Mali,6059 Main St,Berlin,ON,98901,Phone Number
28728,Afghanistan,9207 Main St,Berlin,NY,15392,Phone Number
52968,Moldova ,6093 Main St,Toronto,NSW,35905,Phone Number
92807,Bhutan,5121 Main St,Toronto,ENG,83508,Phone Number
25863,Vietnam,3007 Main St,Berlin,ENG,60385,Phone Number
76717,Portugal,3014 Main St,Toronto,ON,40653,Phone Number
90976,Spain,3970 Main St,Toronto,TYO,94720,Phone Number
12501,Egypt,9290 Main St,Tokyo,ON,24799,Phone Number
88181,Belgium,5185 Main St,New York,NY,70103,Phone Number
87078,Malaysia,6646 Main St,Sydney,TYO,25052,Phone Number
86221,Dominican Republic,495 Main St,Toronto,ENG,16044,Phone Number
36173,Estonia,1038 Main St,Sydney,NSW,29871,Phone Number
71296,Burundi,9928 Main St,Sydney,NSW,99303,Phone Number
32506,Latvia,2610 Main St,Tokyo,NY,30234,Phone Number
11968,Tajikistan,4736 Main St,Toronto,ON,31381,Phone Number
50730,Zimbabwe,1749 Main St,Berlin,NY,27274,Phone Number
87580,Comoros,3790 Main St,Sydney,NSW,97840,Phone Number
62510,Namibia,3535 Main St,Toronto,ENG,93108,Phone Number
51372,Slovenia,3301 Main St,London,NSW,59892,Phone Number
61570,Bulgaria,4279 Main St,Berlin,TYO,60521,Phone Number
34153,Guinea-Bissau,8505 Main St,London,BE,93920,Phone Number
45995,Lesotho,3337 Main St,London,NSW,93391,Phone Number
40565,Sri Lanka,3962 Main St,Sydney,NSW,27920,Phone Number
51166,East Timor,158 Main St,London,BE,26702,Phone Number
40306,Belarus,5038 Main St,Tokyo,TYO,11894,Phone Number
86803,Benin,3071 Main St,Tokyo,ON,40985,Phone Number
12720,Ireland,9819 Main St,Sydney,NSW,38287,Phone Number
30689,Iran,8414 Main St,Toronto,NY,83527,Phone Number
93690,Benin,9728 Main St,New York,NSW,25439,Phone Number
49487,South Sudan,9454 Main St,Toronto,NY,52235,Phone Number
99085,Comoros,3445 Main St,Toronto,TYO,37659,Phone Number
52228,Poland,2586 Main St,Toronto,NSW,34976,Phone Number
78031,Bosnia and Herzegovina,661 Main St,Toronto,TYO,92643,Phone Number
98217,Namibia,4081 Main St,Berlin,TYO,77865,Phone Number
90948,Spain,6361 Main St,New York,ON,78306,Phone Number
90302,Iran,1837 Main St,Berlin,NSW,66697,Phone Number
40520,Guatemala,9196 Main St,London,NY,80382,Phone Number
38222,East Timor,3654 Main St,Toronto,NY,26651,Phone Number
16703,Bahrain,9226 Main St,Tokyo,NSW,59044,Phone Number
77191,Ethiopia,7195 Main St,Sydney,BE,24633,Phone Number
62503,Solomon Islands,8366 Main St,Sydney,ON,89164,Phone Number
49829,Belize,394 Main St,Berlin,ON,10569,Phone Number
49663,Sri Lanka,8312 Main St,Berlin,ON,69900,Phone Number
63390,Costa Rica,9330 Main St,Tokyo,NY,77509,Phone Number
74792,Nigeria,5430 Main St,Toronto,TYO,43038,Phone Number
18405,Iran,4755 Main St,New York,BE,59088,Phone Number
87994,Djibouti,1209 Main St,London,ON,83177,Phone Number
77977,South Korea,3871 Main St,Sydney,NY,84466,Phone Number
12461,Dominica,8663 Main St,London,NY,82216,Phone Number
16868,Vietnam,6223 Main St,New York,TYO,76793,Phone Number
52239,Norway,7747 Main St,Berlin,NSW,83786,Phone Number
37769,Haiti,1274 Main St,Sydney,NSW,48138,Phone Number
37605,Jamaica,1264 Main St,London,ON,73310,Phone Number
42278,Sudan,9384 Main St,Berlin,ON,38757,Phone Number
43904,Angola,9575 Main St,New York,BE,80394,Phone Number
38590,Panama,9137 Main St,London,TYO,89027,Phone Number
40830,Greece,8812 Main St,Toronto,ON,66151,Phone Number
65360,Madagascar,4566 Main St,Berlin,TYO,59272,Phone Number
83636,Guinea-Bissau,5638 Main St,New York,NY,16908,Phone Number
83718,Greenland,7211 Main St,London,ON,20844,Phone Number
12316,Libya,8534 Main St,Toronto,NY,61455,Phone Number
19689,Belarus,2900 Main St,Toronto,ENG,78447,Phone Number
38479,Lebanon,4707 Main St,New York,TYO,84527,Phone Number
84606,Djibouti,7362 Main St,Tokyo,ENG,87108,Phone Number
39551,Barbados,1641 Main St,Sydney,ON,53066,Phone Number
70123,Guinea-Bissau,2865 Main St,New York,NY,50004,Phone Number
38625,Finland,4591 Main St,Toronto,ON,48333,Phone Number
47642,Haiti,3183 Main St,Toronto,ENG,93029,Phone Number
56465,Niger,5456 Main St,New York,ON,49697,Phone Number
60382,Trinidad and Tobago,1957 Main St,Tokyo,BE,27634,Phone Number
49601,Grenada,869 Main St,Sydney,NSW,34561,Phone Number
43426,Dominican Republic,1522 Main St,London,ENG,28033,Phone Number
75580,Monaco,8698 Main St,New York,ON,82887,Phone Number
68093,Estonia,3072 Main St,Sydney,NY,65063,Phone Number
11737,Italy,1972 Main St,Sydney,ON,35921,Phone Number
39735,Malaysia,5699 Main St,Berlin,NY,29340,Phone Number
88424,Ghana,2369 Main St,Toronto,NSW,72781,Phone Number
67676,Pakistan,5375 Main St,London,ON,24901,Phone Number
74281,Sri Lanka,4849 Main St,New York,NSW,20638,Phone Number
94108,Romania,6671 Main St,Toronto,ENG,48596,Phone Number
48819,Qatar,9473 Main St,Berlin,NY,96914,Phone Number
30619,Cote d'Ivoire,5172 Main St,Berlin,BE,54324,Phone Number
83310,Egypt,9731 Main St,Toronto,ENG,98356,Phone Number
88658,Iran,5563 Main St,Tokyo,NY,42642,Phone Number
35386,Somalia,7550 Main St,Sydney,NSW,35378,Phone Number
17497,Syria,8520 Main St,New York,TYO,60867,Phone Number
21060,Solomon Islands,4059 Main St,New York,ON,83686,Phone Number
65310,Guatemala,1413 Main St,New York,NSW,52875,Phone Number
93628,Kuwait,7947 Main St,Toronto,NY,99595,Phone Number
76013,Jordan,1170 Main St,Tokyo,NY,93729,Phone Number
96505,Egypt,9266 Main St,London,NY,74377,Phone Number
40437,Switzerland,3385 Main St,Berlin,NY,64691,Phone Number
51308,Samoa ,9049 Main St,Toronto,ON,74303,Phone Number
53341,Portugal,3195 Main St,London,ENG,70839,Phone Number
37137,Albania,420 Main St,Berlin,BE,59063,Phone Number
81173,Dominica,2421 Main St,Berlin,TYO,88343,Phone Number
13934,Tuvalu,655 Main St,Tokyo,ON,93071,Phone Number
95971,Marshall Islands,5039 Main St,Sydney,NY,15492,Phone Number
54922,Bulgaria,5532 Main St,New York,ON,41357,Phone Number
86823,Niger,1486 Main St,London,NSW,81838,Phone Number
70600,Saint Vincent and the Grenadines,4863 Main St,Toronto,BE,42314,Phone Number
98238,Malawi,6954 Main St,London,NY,58697,Phone Number
33265,Cape Verde,7737 Main St,Sydney,TYO,80283,Phone Number
53439,Saint Vincent and the Grenadines,4941 Main St,New York,NY,69567,Phone Number
93762,Greece,3967 Main St,London,BE,57006,Phone Number
85858,Monaco,3893 Main St,Sydney,TYO,70011,Phone Number
48829,Nigeria,7473 Main St,Toronto,BE,20686,Phone Number
79566,Norway,2613 Main St,Tokyo,TYO,47449,Phone Number
34726,Greenland,3903 Main St,Berlin,ENG,71606,Phone Number
37580,Tunisia ,2427 Main St,Toronto,ENG,28891,Phone Number
86977,Uzbekistan,8909 Main St,New York,ON,62115,Phone Number
82317,Saint Kitts and Nevis ,2265 Main St,Berlin,ON,70719,Phone Number
99031,Belize,3408 Main St,Toronto,TYO,83030,Phone Number
19873,Angola,6552 Main St,Toronto,NY,46723,Phone Number
70150,Bhutan,8167 Main St,Toronto,NSW,39877,Phone Number
33887,Honduras,7742 Main St,Toronto,NSW,24026,Phone Number
15846,South Sudan,6504 Main St,Berlin,NY,30422,Phone Number
89941,Kyrgyzstan,1092 Main St,New York,NY,19244,Phone Number
96247,Sao Tome and Principe,5524 Main St,Sydney,ENG,43481,Phone Number
33391,Madagascar,9669 Main St,London,NSW,99180,Phone Number
24828,Senegal,4481 Main St,Tokyo,TYO,68031,Phone Number
56311,Sierra Leone,3274 Main St,London,BE,18521,Phone Number
13929,Malaysia,4882 Main St,London,ON,11746,Phone Number
53124,Cuba,9597 Main St,Tokyo,BE,93127,Phone Number
64684,Zimbabwe,5660 Main St,Berlin,ENG,78232,Phone Number
32821,Serbia,7560 Main St,New York,NSW,22012,Phone Number
41341,Maldives,3178 Main St,Tokyo,NY,90224,Phone Number
46267,Ireland,3083 Main St,New York,NSW,33457,Phone Number
70063,Romania,7359 Main St,Berlin,TYO,80572,Phone Number
27064,Croatia,6154 Main St,London,ENG,39960,Phone Number
70390,Albania,2623 Main St,New York,NY,97695,Phone Number
45085,Dominican Republic,9777 Main St,Berlin,BE,17910,Phone Number
10959,Zimbabwe,4681 Main St,Berlin,TYO,12693,Phone Number
82187,Ghana,5709 Main St,Sydney,BE,25858,Phone Number
97585,Laos,2101 Main St,Tokyo,ON,38810,Phone Number
28994,Panama,1487 Main St,Sydney,ENG,30092,Phone Number
69395,Angola,6652 Main St,London,TYO,98779,Phone Number
80830,Syria,1130 Main St,Tokyo,TYO,58700,Phone Number
52928,Sierra Leone,1320 Main St,London,BE,68105,Phone Number
66527,Uganda,6135 Main St,Sydney,NY,40505,Phone Number
68023,Taiwan,9910 Main St,Berlin,ON,83228,Phone Number
92121,Azerbaijan,9555 Main St,London,BE,38555,Phone Number
93859,Maldives,6623 Main St,Tokyo,TYO,81934,Phone Number
54913,Mauritania,8174 Main St,Tokyo,ENG,82788,Phone Number
27943,Burundi,9163 Main St,London,TYO,87257,Phone Number
68760,Zambia,934 Main St,Tokyo,NSW,27939,Phone Number
22817,Singapore,9210 Main St,Berlin,ENG,21825,Phone Number
44516,Ghana,1824 Main St,Berlin,ENG,34151,Phone Number
30543,Guinea,6698 Main St,Tokyo,TYO,10036,Phone Number
36678,Zambia,2513 Main St,London,NY,93707,Phone Number
62927,Georgia,9605 Main St,Sydney,ENG,49051,Phone Number
30278,Bahrain,6093 Main St,Tokyo,NSW,90738,Phone Number
72774,Lesotho,4598 Main St,Tokyo,BE,83596,Phone Number
53604,Barbados,2205 Main St,Tokyo,NY,70071,Phone Number
73930,Saudi Arabia,2668 Main St,Tokyo,NY,83601,Phone Number
74862,Macedonia,9430 Main St,London,NY,39873,Phone Number
98476,Turkmenistan,309 Main St,Sydney,ENG,46648,Phone Number
43693,Albania,9356 Main St,Sydney,NY,81468,Phone Number
75330,Afghanistan,5011 Main St,New York,TYO,36470,Phone Number
41769,Kiribati,2320 Main St,Tokyo,NY,75129,Phone Number
79608,Morocco,333 Main St,Tokyo,NSW,18328,Phone Number
49522,Norway,892 Main St,New York,ON,16333,Phone Number
51805,Sweden,3210 Main St,Sydney,NSW,56638,Phone Number
70974,Tajikistan,2266 Main St,Toronto,ENG,21268,Phone Number
75373,Netherlands,8626 Main St,Berlin,NY,80603,Phone Number
17713,Spain,9651 Main St,Toronto,NY,27045,Phone Number
97007,Chad,5293 Main St,Sydney,TYO,50741,Phone Number
98203,Ireland,1314 Main St,Tokyo,BE,98306,Phone Number
54939,Pakistan,4519 Main St,Toronto,NY,52770,Phone Number
79626,Mozambique,7414 Main St,London,NSW,17887,Phone Number
99671,Bahrain,8575 Main St,London,ENG,34918,Phone Number
20600,Tajikistan,312 Main St,New York,ON,45497,Phone Number
74694,New Zealand,1758 Main St,Sydney,NY,71009,Phone Number
17927,Niger,5124 Main St,Sydney,ON,21929,Phone Number
66169,Armenia,9709 Main St,Toronto,NY,71762,Phone Number
62914,Gabon,6017 Main St,Tokyo,ENG,89099,Phone Number
16002,Kyrgyzstan,5241 Main St,Sydney,BE,38546,Phone Number
45106,Fiji,1894 Main St,Toronto,NSW,88424,Phone Number
58972,Romania,6088 Main St,Toronto,ENG,47338,Phone Number
57339,Botswana,8396 Main St,Berlin,ON,44283,Phone Number
71630,Fiji,5678 Main St,Berlin,NY,92494,Phone Number
16222,Vatican City,5651 Main St,Sydney,ON,88170,Phone Number
22027,Thailand,3945 Main St,Toronto,NSW,94787,Phone Number
67338,Belarus,7006 Main St,New York,ENG,56566,Phone Number
78628,Solomon Islands,478 Main St,New York,ON,95464,Phone Number
10058,China,3393 Main St,Berlin,ON,91991,Phone Number
93437,Angola,3429 Main St,Sydney,NSW,38013,Phone Number
16543,Cambodia,4908 Main St,Tokyo,NY,62132,Phone Number
12751,Guatemala,8037 Main St,New York,ON,97412,Phone Number
82077,Namibia,324 Main St,New York,NSW,38084,Phone Number
29412,Serbia,837 Main St,Berlin,NY,31143,Phone Number
33829,Turkey,335 Main St,Berlin,BE,24179,Phone Number
98559,Pakistan,811 Main St,Sydney,NY,68726,Phone Number
54707,Georgia,6088 Main St,Berlin,BE,20222,Phone Number
56997,Vanuatu,1988 Main St,London,ENG,69965,Phone Number
49185,Luxembourg,7273 Main St,Toronto,NSW,74068,Phone Number
85357,Saudi Arabia,1359 Main St,New York,NY,33949,Phone Number
53794,Vanuatu,5346 Main St,London,BE,26116,Phone Number
58331,Haiti,7371 Main St,Tokyo,BE,61052,Phone Number
17453,Tanzania,848 Main St,London,ENG,61369,Phone Number
27232,North Korea,3651 Main St,Sydney,TYO,58817,Phone Number
79118,Bahrain,6500 Main St,Tokyo,NSW,93203,Phone Number
19993,Cote d'Ivoire,6743 Main St,Tokyo,TYO,84311,Phone Number
77676,Singapore,8801 Main St,Berlin,NY,39655,Phone Number
88811,Malaysia,1923 Main St,London,NSW,67802,Phone Number
69546,Albania,6952 Main St,Sydney,ENG,57632,Phone Number
20278,Gabon,7877 Main St,New York,NY,24193,Phone Number
43376,Poland,4332 Main St,Berlin,NSW,90212,Phone Number
44304,Chad,6619 Main St,London,NSW,40776,Phone Number
68397,Republic of the Congo,1877 Main St,New York,TYO,53225,Phone Number
10481,Philippines,1322 Main St,London,NY,70010,Phone Number
21919,France,7730 Main St,Berlin,ENG,92735,Phone Number
26830,Germany,1877 Main St,New York,ENG,75451,Phone Number
43414,Uganda,9596 Main St,Berlin,NY,58812,Phone Number
41178,Bahrain,7590 Main St,London,NY,90602,Phone Number
94750,Jordan,4959 Main St,Tokyo,BE,28895,Phone Number
94640,Montenegro,8993 Main St,Toronto,ON,75782,Phone Number
86916,Tunisia ,8218 Main St,Tokyo,TYO,31209,Phone Number
72208,Germany,3089 Main St,Berlin,NY,92336,Phone Number
17345,Italy,8443 Main St,Berlin,NY,71807,Phone Number
56477,France,1425 Main St,Berlin,ON,33086,Phone Number
60806,Algeria,9593 Main St,New York,ON,95637,Phone Number
46502,Myanmar,5227 Main St,Sydney,NSW,92027,Phone Number
17608,France,9098 Main St,Berlin,ENG,37207,Phone Number
48717,Spain,2822 Main St,Tokyo,TYO,30897,Phone Number
91011,Cambodia,4756 Main St,Toronto,NSW,73083,Phone Number
94433,The Gambia,1425 Main St,Berlin,NY,76957,Phone Number
26721,Russia,4233 Main St,Berlin,ON,88506,Phone Number
19983,Belarus,9451 Main St,Berlin,BE,17283,Phone Number
15652,Turkey,2969 Main St,New York,ENG,91481,Phone Number
93492,Kenya,1342 Main St,Berlin,NSW,10255,Phone Number
87062,Iran,8639 Main St,Tokyo,BE,86555,Phone Number
26522,Vietnam,1931 Main St,London,ENG,25487,Phone Number
15328,Albania,1669 Main St,Sydney,BE,29346,Phone Number
37169,Antigua and Barbuda ,7346 Main St,Berlin,ON,45050,Phone Number
98766,Senegal,2018 Main St,New York,NSW,18744,Phone Number
95761,Netherlands,6516 Main St,Tokyo,NSW,34756,Phone Number
88685,Russia,3332 Main St,Berlin,ENG,71596,Phone Number
71732,Slovakia,3858 Main St,New York,BE,93397,Phone Number
50158,East Timor,6097 Main St,London,ON,35146,Phone Number
67167,Haiti,2455 Main St,Toronto,NY,65032,Phone Number
88565,Yemen,9689 Main St,Berlin,NSW,52687,Phone Number
89060,Tuvalu,1924 Main St,Tokyo,NY,56103,Phone Number
28024,Liberia,7380 Main St,New York,ON,31976,Phone Number
56069,North Korea,4160 Main St,New York,NSW,72863,Phone Number
98928,North Korea,5424 Main St,Berlin,NSW,10591,Phone Number
14450,Romania,504 Main St,New York,BE,16277,Phone Number
50069,Sao Tome and Principe,1821 Main St,Toronto,NY,71860,Phone Number
38303,Bahrain,5416 Main St,New York,BE,12260,Phone Number
20251,Somalia,3945 Main St,Sydney,TYO,75883,Phone Number
85183,Cyprus,4310 Main St,Sydney,NY,34741,Phone Number
73074,United Kingdom,164 Main St,New York,NY,47211,Phone Number
41347,Germany,9591 Main St,Berlin,TYO,51542,Phone Number
52439,Somalia,6482 Main St,Sydney,ON,16869,Phone Number
17431,New Zealand,9707 Main St,Tokyo,ON,97616,Phone Number
25140,Kuwait,1068 Main St,Sydney,NSW,74732,Phone Number
99149,Japan,468 Main St,New York,ENG,29422,Phone Number
10738,Norway,8524 Main St,Berlin,BE,45613,Phone Number
53884,Lesotho,2342 Main St,London,ENG,67016,Phone Number
79754,Belgium,5102 Main St,Berlin,NSW,70110,Phone Number
86505,Honduras,3183 Main St,Berlin,ENG,98529,Phone Number
31899,Austria,8173 Main St,Berlin,NY,87922,Phone Number
11795,Oman,9212 Main St,Tokyo,NY,44033,Phone Number
13399,Spain,8980 Main St,Toronto,TYO,55213,Phone Number
34274,Afghanistan,1569 Main St,New York,TYO,71993,Phone Number
78243,Saint Vincent and the Grenadines,4825 Main St,Toronto,NSW,22938,Phone Number
53583,Iceland,4359 Main St,London,NSW,86695,Phone Number
86058,Myanmar,3722 Main St,Toronto,NSW,12274,Phone Number
13805,Netherlands,923 Main St,New York,NY,94390,Phone Number
29650,Slovakia,3531 Main St,New York,ENG,41815,Phone Number
64820,Bahrain,6628 Main St,London,BE,86018,Phone Number
20830,Lesotho,4251 Main St,New York,NSW,28961,Phone Number
37375,Cuba,4313 Main St,London,NSW,30044,Phone Number
30565,Afghanistan,7520 Main St,London,NY,31975,Phone Number
26345,Vanuatu,9089 Main St,New York,BE,24706,Phone Number
57045,Bhutan,879 Main St,Sydney,NY,15974,Phone Number
52222,Palau,2992 Main St,London,BE,86464,Phone Number
28476,Indonesia,5634 Main St,New York,NY,31213,Phone Number
12089,Andorra,3406 Main St,Sydney,ENG,11950,Phone Number
89288,Algeria,3002 Main St,London,NSW,95013,Phone Number
46212,Vanuatu,3818 Main St,Sydney,ON,20411,Phone Number
76184,Mexico,121 Main St,Tokyo,ON,97231,Phone Number
37383,Macedonia,1600 Main St,Berlin,NSW,56156,Phone Number
69283,Panama,9134 Main St,Tokyo,NSW,72744,Phone Number
47947,Nepal,3741 Main St,Sydney,NSW,27771,Phone Number
87321,Nepal,5312 Main St,London,NSW,79810,Phone Number
38123,Mauritius ,291 Main St,New York,BE,45053,Phone Number
59175,Sao Tome and Principe,8687 Main St,Toronto,ENG,62076,Phone Number
39636,Saint Vincent and the Grenadines,7274 Main St,New York,ON,17045,Phone Number
45787,Maldives,5214 Main St,Toronto,TYO,67623,Phone Number
58698,Swaziland,4762 Main St,Toronto,ON,39714,Phone Number
56896,Morocco,4426 Main St,London,ON,44386,Phone Number
64838,Maldives,9165 Main St,Sydney,NY,18562,Phone Number
56624,Zimbabwe,4435 Main St,New York,NSW,65048,Phone Number
79356,India,8381 Main St,Sydney,NSW,22026,Phone Number
15223,Tajikistan,8748 Main St,Tokyo,NSW,41589,Phone Number
45821,Lesotho,9296 Main St,London,NY,36844,Phone Number
24321,Bhutan,5594 Main St,London,ENG,33447,Phone Number
57223,Trinidad and Tobago,8636 Main St,Tokyo,ENG,87502,Phone Number
64102,Tuvalu,2811 Main St,New York,TYO,93268,Phone Number
30203,Iraq,7695 Main St,Berlin,ENG,64708,Phone Number
56828,The Gambia,6373 Main St,Tokyo,ENG,73925,Phone Number
46222,Bahrain,6384 Main St,New York,NSW,80825,Phone Number
10138,Qatar,9408 Main St,Toronto,BE,61574,Phone Number
47613,Angola,8917 Main St,London,ON,95548,Phone Number
80309,Costa Rica,4094 Main St,New York,ENG,28812,Phone Number
72907,Papua New Guinea,1778 Main St,Sydney,ENG,65309,Phone Number
89561,Qatar,8514 Main St,Sydney,NY,74230,Phone Number
97010,Saint Kitts and Nevis ,843 Main St,London,TYO,51628,Phone Number
89694,Sierra Leone,562 Main St,Tokyo,BE,50581,Phone Number
55405,Russia,1668 Main St,Berlin,NY,56628,Phone Number
61945,Lithuania,1836 Main St,Tokyo,NSW,98628,Phone Number
86407,United Kingdom,8003 Main St,New York,ON,35105,Phone Number
46722,Indonesia,7102 Main St,Tokyo,TYO,89830,Phone Number
43682,Mongolia,8956 Main St,London,NY,79157,Phone Number
31466,Egypt,1456 Main St,New York,ENG,42442,Phone Number
96700,Comoros,1114 Main St,Toronto,ENG,97235,Phone Number
21993,Slovenia,1154 Main St,Tokyo,TYO,12347,Phone Number
24388,Lebanon,1864 Main St,Tokyo,ENG,57650,Phone Number
12414,Australia,6109 Main St,Berlin,NY,27110,Phone Number
16829,Haiti,4558 Main St,New York,NY,72170,Phone Number
48916,Saint Kitts and Nevis ,9704 Main St,Sydney,ENG,14923,Phone Number
55228,Syria,767 Main St,Tokyo,ENG,61801,Phone Number
77300,Laos,3470 Main St,London,NSW,72771,Phone Number
57133,Saint Kitts and Nevis ,6076 Main St,Tokyo,ON,91147,Phone Number
51733,Sudan,1494 Main St,Berlin,TYO,58135,Phone Number
40597,Guatemala,8390 Main St,Toronto,NY,29199,Phone Number
46226,Jordan,4170 Main St,Berlin,TYO,19066,Phone Number
38321,Panama,7082 Main St,Tokyo,NSW,62136,Phone Number
90261,Central African Republic,8713 Main St,Sydney,NY,46575,Phone Number
79557,Bahrain,5699 Main St,Tokyo,NSW,99796,Phone Number
59612,Burundi,3750 Main St,New York,NSW,56733,Phone Number
26114,Austria,9424 Main St,Tokyo,BE,26991,Phone Number
41594,Fiji,9994 Main St,Sydney,ENG,32553,Phone Number
68460,Fiji,3720 Main St,New York,BE,99710,Phone Number
59190,Switzerland,3290 Main St,London,TYO,97493,Phone Number
48413,Yemen,8889 Main St,New York,TYO,10634,Phone Number
66504,Comoros,491 Main St,Berlin,ENG,22771,Phone Number
21316,Democratic Republic of the Congo,1175 Main St,Toronto,BE,28298,Phone Number
40192,Mongolia,2750 Main St,Berlin,TYO,89876,Phone Number
26938,Palau,2484 Main St,New York,BE,45999,Phone Number
84277,Monaco,909 Main St,London,ENG,81887,Phone Number
49584,Fiji,8147 Main St,Tokyo,NY,69648,Phone Number
53508,Mali,5601 Main St,New York,NSW,72668,Phone Number
23514,Liberia,6995 Main St,Berlin,NSW,79374,Phone Number
22992,Switzerland,1259 Main St,New York,BE,77509,Phone Number
42224,Samoa ,7674 Main St,New York,TYO,85783,Phone Number
71774,Nepal,1631 Main St,New York,BE,54440,Phone Number
27067,Azerbaijan,5581 Main St,London,BE,41655,Phone Number
17404,Georgia,7648 Main St,Sydney,ON,53039,Phone Number
96394,United Arab Emirates,5076 Main St,Sydney,NSW,65255,Phone Number
78728,Finland,5795 Main St,New York,ENG,82219,Phone Number
34932,Portugal,8545 Main St,London,BE,64989,Phone Number
